{"info": ["name"], "SpongebobCharacters": [{"name": "Spongebob", "filepath": "https://upload.wikimedia.org/wikipedia/en/thumb/3/3b/SpongeBob_SquarePants_character.svg/240px-SpongeBob_SquarePants_character.svg.png"},{"name": "Plankton", "filepath": "https://upload.wikimedia.org/wikipedia/en/thumb/4/49/Plankton_and_Karen.svg/240px-Plankton_and_Karen.svg.png"},{"name": "Mr. Krabs", "filepath": "https://upload.wikimedia.org/wikipedia/en/thumb/f/f8/Mr._Krabs.svg/240px-Mr._Krabs.svg.png"},{"name": "Squidward", "filepath": "https://upload.wikimedia.org/wikipedia/en/thumb/8/8f/Squidward_Tentacles.svg/240px-Squidward_Tentacles.svg.png"},{"name": "Patrick", "filepath": "https://upload.wikimedia.org/wikipedia/en/thumb/3/33/Patrick_Star.svg/240px-Patrick_Star.svg.png"}]}