[
    {
		"info" : ["name", "owner", "origin"],
		"dogs" : [
			{
				"name" : "Toto",
				"filepath" : "toto.jpg",
				"owner" : "Dorothy",
				"origin" : "The Wizard of Oz"
			},
			{
				"name" : "Laika",
				"filepath" : "laika.jpg",
				"owner" : "Russian Space Agency",
				"origin" : "Russia's first space mission"
			},
			{
				"name" : "Lassie",
				"filepath" : "lassie.jpg",
				"owner" : "UNKNOWN",
				"origin" : "UNKNOWN"
			},
			{
				"name" : "Scooby Doo",
				"filepath" : "scooby.jpg",
				"owner" : "He's a free dog",
				"origin" : "The Scooby Doo show"
			},
			{
				"name" : "Balto",
				"filepath" : "balto.jpg",
				"owner" : "UNKNOWN",
				"origin" : "UNKNOWN"
			},
			{
				"name" : "Bo",
				"filepath" : "Bo.jpg",
				"owner" : "The Obamas",
				"origin" : "Real Life"
			},
			{
				"name" : "Sunny",
				"filepath" : "sunny.jpg",
				"owner" : "The Obamas",
				"origin" : "Real Life"
			},
			{
				"name" : "Higgins",
				"filepath" : "higgins.jpg",
				"owner" : "UNKNOWN",
				"origin" : "UNKNOWN"
			},
			{
				"name" : "Doug",
				"filepath" : "doug.jpg",
				"owner" : "igHandle",
				"origin" : "Instagram"
			},
			{
				"name" : "Wishbone",
				"filepath" : "wishbone.jpg",
				"owner" : "UNKNOWN",
				"origin" : "UNKNOWN"
			},
			{
				"name" : "Rin Tin Tin",
				"filepath" : "rintintin.jpg",
				"owner" : "UNKNOWN",
				"origin" : "UNKNOWN"
			},
			{
				"name" : "Old Yeller",
				"filepath" : "oldyeller.jpg",
				"owner" : "UNKNOWN",
				"origin" : "UNKNOWN"
			},
			{
				"name" : "Sinbad",
				"filepath" : "sinbad.jpg",
				"owner" : "UNKNOWN",
				"origin" : "UNKNOWN"
			},
			{
				"name" : "Trakr",
				"filepath" : "trakr.jpg",
				"owner" : "UNKNOWN",
				"origin" : "UNKNOWN"
			},
			{
				"name" : "Bobbie",
				"filepath" : "bobbie.jpg",
				"owner" : "UNKNOWN",
				"origin" : "UNKNOWN"
			},
			{
				"name" : "Jofi",
				"filepath" : "jofi.jpg",
				"owner" : "Sigmund Freud",
				"origin" : "Real Life"
			},
			{
				"name" : "Koko",
				"filepath" : "koko.jpeg",
				"owner" : "UNKNOWN",
				"origin" : "UNKNOWN"
			},
			{
				"name" : "Snowy",
				"filepath" : "snowy.jpg",
				"owner" : "Tin Tin",
				"origin" : "Tin Tin"
			},
			{
				"name" : "Spot",
				"filepath" : "spot.jpg",
				"owner" : "UNKNOWN",
				"origin" : "UNKNOWN"
			},
			{
				"name" : "Milie",
				"filepath" : "milie.jpg",
				"owner" : "UNKNOWN",
				"origin" : "UNKNOWN"
			}
		]
	}
]